session_type,frame,risk,UC1_sim,UC2_instab,UC3_presence,UC4_drift
Genuine,0,0.4155,0.7871,0.172,0.9214,0.072
Genuine,1,0.3694,0.7987,0.1598,0.9182,0.0362
Genuine,2,0.3199,0.7843,0.0802,0.9018,0.0494
Genuine,3,0.2612,0.7461,0.0445,0.9411,0.0115
Genuine,4,0.2063,0.7321,0.0692,0.9311,0.0
Genuine,5,0.1588,0.6975,0.0,0.8423,0.0205
Genuine,6,0.1231,0.7124,0.0478,0.8224,0.0428
Genuine,7,0.0932,0.779,0.0,0.7585,0.0437
Genuine,8,0.0717,0.7584,0.041,0.6568,0.0116
Genuine,9,0.0544,0.7355,0.0217,0.6707,0.0126
Genuine,10,0.0407,0.7628,0.0651,0.7513,0.0069
Genuine,11,0.0312,0.7804,0.0782,0.7723,0.0298
Genuine,12,0.0249,0.7848,0.0278,0.7453,0.0834
Genuine,13,0.0211,0.7449,0.0877,0.7308,0.0859
Genuine,14,0.0179,0.7489,0.1457,0.7949,0.0671
Genuine,15,0.0149,0.7829,0.1394,0.8134,0.0429
Genuine,16,0.0124,0.7258,0.1264,0.8252,0.0458
Genuine,17,0.0104,0.7146,0.1195,0.8314,0.0457
Genuine,18,0.0086,0.6443,0.0837,0.8401,0.0251
Genuine,19,0.0074,0.6103,0.1296,0.8758,0.0343
Genuine,20,0.0063,0.5582,0.1082,0.8968,0.0154
Genuine,21,0.0055,0.5815,0.108,0.9023,0.047
Genuine,22,0.0051,0.5579,0.0806,0.8605,0.0728
Genuine,23,0.0047,0.6026,0.0634,0.8822,0.0953
Genuine,24,0.0042,0.6358,0.0248,0.8567,0.0815
Genuine,25,0.0039,0.6496,0.0854,0.9005,0.0906
Genuine,26,0.0037,0.5631,0.0849,0.8506,0.0847
Genuine,27,0.0036,0.5729,0.1258,0.8499,0.0743
Genuine,28,0.0035,0.6019,0.1254,0.8541,0.0665
Genuine,29,0.0033,0.6334,0.099,0.8092,0.0397
Genuine,30,0.003,0.5909,0.0901,0.8833,0.0138
Genuine,31,0.0027,0.5992,0.0739,0.9367,0.039
Genuine,32,0.0025,0.585,0.0811,0.9111,0.0396
Genuine,33,0.0023,0.5802,0.0731,0.9349,0.0487
Genuine,34,0.0022,0.6549,0.0691,0.9406,0.073
Genuine,35,0.002,0.6396,0.0259,0.8351,0.036
Genuine,36,0.0019,0.6593,0.0103,0.8511,0.0246
Genuine,37,0.0018,0.7147,0.0877,0.8532,0.0351
Genuine,38,0.0017,0.6999,0.0678,0.8603,0.0486
Genuine,39,0.0017,0.7072,0.0368,0.8235,0.0439
Genuine,40,0.0016,0.7228,0.0617,0.8221,0.0695
Genuine,41,0.0017,0.734,0.1223,0.8242,0.074
Genuine,42,0.0016,0.6893,0.0684,0.8764,0.0478
Genuine,43,0.0015,0.7061,0.0684,0.8892,0.0315
Genuine,44,0.0015,0.7745,0.0529,0.8876,0.0543
Genuine,45,0.0016,0.7101,0.0,0.5929,0.0664
Genuine,46,0.0016,0.7568,0.0434,0.563,0.0269
Genuine,47,0.0018,0.7653,0.054,0.5437,0.0618
Genuine,48,0.002,0.7405,0.0665,0.4746,0.0756
Genuine,49,0.0019,0.8307,0.0468,0.8908,0.1031
Genuine,50,0.0018,0.8552,0.0746,0.9247,0.09
Genuine,51,0.0016,0.7934,0.0615,0.9518,0.0808
Genuine,52,0.0015,0.7945,0.065,0.9657,0.0554
Genuine,53,0.0014,0.8167,0.0324,0.9569,0.1111
Genuine,54,0.0013,0.8032,0.0007,0.9533,0.1012
Genuine,55,0.0013,0.8285,0.0678,0.933,0.13
Genuine,56,0.0013,0.8184,0.057,0.9176,0.1074
Genuine,57,0.0013,0.8408,0.0772,0.9139,0.1052
Genuine,58,0.0012,0.8923,0.0823,0.9646,0.0647
Genuine,59,0.0012,0.847,0.0717,0.9724,0.0574
Genuine,60,0.0011,0.8455,0.0602,0.9564,0.08
Genuine,61,0.0011,0.8161,0.0924,0.9236,0.0522
Genuine,62,0.0011,0.8161,0.0854,0.8936,0.0774
Genuine,63,0.0011,0.7606,0.085,0.9507,0.0834
Genuine,64,0.0011,0.7391,0.0911,0.9588,0.0594
Genuine,65,0.0011,0.737,0.1388,0.9494,0.0504
Genuine,66,0.0011,0.7813,0.1611,0.9263,0.0437
Genuine,67,0.0012,0.8294,0.169,0.8784,0.0466
Genuine,68,0.0012,0.7662,0.1409,0.8762,0.0388
Genuine,69,0.0011,0.7348,0.0868,0.909,0.0261
Genuine,70,0.0011,0.7688,0.1268,0.8902,0.0262
Genuine,71,0.0012,0.6865,0.1614,0.8803,0.0112
Genuine,72,0.0012,0.681,0.15,0.8721,0.0
Genuine,73,0.0012,0.6918,0.1655,0.8773,0.0034
Genuine,74,0.0012,0.758,0.1875,0.819,0.032
Genuine,75,0.0013,0.7903,0.208,0.8194,0.0055
Genuine,76,0.0013,0.775,0.2288,0.797,0.0152
Genuine,77,0.0014,0.7602,0.1957,0.8421,0.0097
Genuine,78,0.0014,0.7526,0.2402,0.8194,0.0
Genuine,79,0.0014,0.821,0.1762,0.8497,0.0269
Genuine,80,0.0014,0.7968,0.1995,0.9105,0.0225
Genuine,81,0.0014,0.7815,0.2058,0.8943,0.0612
Genuine,82,0.0015,0.7961,0.2252,0.87,0.0461
Genuine,83,0.0016,0.7886,0.2787,0.8786,0.0578
Genuine,84,0.0017,0.779,0.3096,0.8787,0.0548
Genuine,85,0.0018,0.7322,0.2389,0.8423,0.0412
Genuine,86,0.0018,0.7389,0.1588,0.8649,0.0579
Genuine,87,0.0017,0.7264,0.1831,0.9415,0.0565
Genuine,88,0.0017,0.7835,0.1362,0.9228,0.0712
Genuine,89,0.0016,0.8105,0.1333,0.9089,0.07
Genuine,90,0.0016,0.8049,0.1623,0.866,0.0471
Genuine,91,0.0015,0.8294,0.0953,0.8799,0.0484
Genuine,92,0.0014,0.8076,0.0212,0.8339,0.0528
Genuine,93,0.0013,0.8478,0.0456,0.8,0.0755
Genuine,94,0.0013,0.8374,0.0584,0.8592,0.0556
Genuine,95,0.0012,0.8534,0.0586,0.8289,0.0569
Genuine,96,0.0012,0.788,0.0692,0.8765,0.0226
Genuine,97,0.0011,0.8014,0.0451,0.9332,0.0435
Genuine,98,0.001,0.727,0.0005,0.9348,0.0246
Genuine,99,0.0009,0.6492,0.0123,0.947,0.0
Genuine,100,0.0009,0.656,0.0,1.0,0.0036
Genuine,101,0.0008,0.6367,0.0,0.9823,0.0369
Genuine,102,0.0008,0.6651,0.0,0.9451,0.0097
Genuine,103,0.0008,0.7769,0.0116,0.8854,0.0
Genuine,104,0.0008,0.7423,0.0428,0.8862,0.0
Genuine,105,0.0007,0.7217,0.0179,0.9398,0.0
Genuine,106,0.0007,0.7391,0.009,0.9662,0.0009
Genuine,107,0.0007,0.766,0.0,0.9185,0.0
Genuine,108,0.0007,0.7607,0.0,0.8812,0.0
Genuine,109,0.0007,0.7549,0.0046,0.8624,0.0146
Genuine,110,0.0007,0.7883,0.0,0.8758,0.007
Genuine,111,0.0007,0.8089,0.0252,0.8689,0.0256
Genuine,112,0.0007,0.761,0.052,0.8785,0.0118
Genuine,113,0.0007,0.7605,0.1368,0.8896,0.0
Genuine,114,0.0008,0.7649,0.083,0.8772,0.0
Genuine,115,0.0008,0.7228,0.1213,0.8761,0.0221
Genuine,116,0.0008,0.7423,0.1178,0.8843,0.0226
Genuine,117,0.0009,0.7118,0.1176,0.8806,0.0348
Genuine,118,0.0009,0.763,0.0645,0.8991,0.0394
Genuine,119,0.0009,0.7737,0.0558,0.9652,0.0474
Abrupt Impersonation,0,0.4206,0.7701,0.1138,0.8537,0.1122
Abrupt Impersonation,1,0.3907,0.7308,0.0859,0.817,0.1192
Abrupt Impersonation,2,0.3573,0.6756,0.0182,0.7726,0.0996
Abrupt Impersonation,3,0.3188,0.6516,0.0214,0.7645,0.0705
Abrupt Impersonation,4,0.2804,0.6176,0.0631,0.7822,0.0535
Abrupt Impersonation,5,0.2499,0.6764,0.0822,0.7095,0.0865
Abrupt Impersonation,6,0.2171,0.7295,0.0673,0.7465,0.0887
Abrupt Impersonation,7,0.1931,0.6996,0.0733,0.6999,0.1103
Abrupt Impersonation,8,0.1719,0.6561,0.1027,0.7364,0.0942
Abrupt Impersonation,9,0.1485,0.6627,0.0165,0.7504,0.1103
Abrupt Impersonation,10,0.1243,0.7419,0.0266,0.7536,0.0916
Abrupt Impersonation,11,0.1057,0.6318,0.0563,0.7665,0.085
Abrupt Impersonation,12,0.0939,0.6792,0.0859,0.7577,0.1352
Abrupt Impersonation,13,0.0881,0.652,0.1433,0.7473,0.1416
Abrupt Impersonation,14,0.0842,0.7181,0.1742,0.6933,0.1203
Abrupt Impersonation,15,0.0803,0.6849,0.1744,0.717,0.1109
Abrupt Impersonation,16,0.0744,0.6902,0.1743,0.8163,0.1117
Abrupt Impersonation,17,0.0696,0.6432,0.1895,0.9063,0.1309
Abrupt Impersonation,18,0.0626,0.6255,0.1606,0.955,0.1115
Abrupt Impersonation,19,0.0525,0.7101,0.1517,0.9705,0.0686
Abrupt Impersonation,20,0.044,0.7581,0.1741,0.9254,0.0629
Abrupt Impersonation,21,0.037,0.7475,0.2263,0.9764,0.0643
Abrupt Impersonation,22,0.0313,0.7187,0.2039,0.9566,0.0674
Abrupt Impersonation,23,0.0275,0.6511,0.1883,0.9392,0.0956
Abrupt Impersonation,24,0.0244,0.6568,0.1828,0.9151,0.0984
Abrupt Impersonation,25,0.0224,0.677,0.2143,0.9107,0.1113
Abrupt Impersonation,26,0.0201,0.6919,0.1977,0.8847,0.0819
Abrupt Impersonation,27,0.0187,0.7042,0.231,0.8775,0.0984
Abrupt Impersonation,28,0.0181,0.6713,0.1823,0.8292,0.1383
Abrupt Impersonation,29,0.0176,0.6878,0.1656,0.818,0.1443
Abrupt Impersonation,30,0.0162,0.703,0.151,0.9204,0.1385
Abrupt Impersonation,31,0.0149,0.7719,0.1697,0.9084,0.1315
Abrupt Impersonation,32,0.0141,0.8548,0.1938,0.8911,0.1599
Abrupt Impersonation,33,0.0125,0.8408,0.1335,0.9089,0.1269
Abrupt Impersonation,34,0.0107,0.8024,0.101,0.9314,0.116
Abrupt Impersonation,35,0.0095,0.7993,0.113,0.8737,0.1188
Abrupt Impersonation,36,0.0085,0.7738,0.0918,0.863,0.1272
Abrupt Impersonation,37,0.0073,0.7464,0.0464,0.9012,0.1094
Abrupt Impersonation,38,0.0064,0.752,0.0887,0.9064,0.11
Abrupt Impersonation,39,0.0057,0.7152,0.1075,0.9046,0.0981
Abrupt Impersonation,40,0.005,0.7535,0.1235,0.9634,0.0964
Abrupt Impersonation,41,0.0045,0.7561,0.1064,0.9193,0.0897
Abrupt Impersonation,42,0.004,0.7732,0.1395,0.9139,0.0627
Abrupt Impersonation,43,0.0037,0.7695,0.1275,0.8839,0.0633
Abrupt Impersonation,44,0.0034,0.7434,0.1595,0.9431,0.0828
Abrupt Impersonation,45,0.0032,0.712,0.1233,0.8484,0.0605
Abrupt Impersonation,46,0.003,0.7152,0.0943,0.8219,0.0569
Abrupt Impersonation,47,0.0029,0.7048,0.1031,0.8053,0.0728
Abrupt Impersonation,48,0.0027,0.7289,0.082,0.8415,0.0499
Abrupt Impersonation,49,0.0025,0.7394,0.1075,0.8698,0.0567
Abrupt Impersonation,50,0.0023,0.6911,0.1161,0.9271,0.0364
Abrupt Impersonation,51,0.0022,0.7102,0.086,0.8507,0.0653
Abrupt Impersonation,52,0.0022,0.6671,0.0919,0.8837,0.1148
Abrupt Impersonation,53,0.0023,0.6611,0.0835,0.8678,0.1507
Abrupt Impersonation,54,0.0025,0.6695,0.1164,0.8386,0.1339
Abrupt Impersonation,55,0.0026,0.6016,0.0955,0.8645,0.14
Abrupt Impersonation,56,0.0027,0.6352,0.0838,0.8251,0.132
Abrupt Impersonation,57,0.0029,0.6663,0.126,0.7428,0.1249
Abrupt Impersonation,58,0.0034,0.6797,0.1944,0.7448,0.1492
Abrupt Impersonation,59,0.0039,0.6799,0.2449,0.6989,0.1096
Abrupt Impersonation,60,0.0058,0.5362,0.3223,0.6958,0.2438
Abrupt Impersonation,61,0.0098,0.5257,0.4027,0.736,0.3041
Abrupt Impersonation,62,0.0168,0.4989,0.3837,0.7678,0.3038
Abrupt Impersonation,63,0.0254,0.5169,0.3227,0.8485,0.2674
Abrupt Impersonation,64,0.0396,0.4502,0.3285,0.8418,0.2765
Abrupt Impersonation,65,0.0669,0.4846,0.351,0.7799,0.3035
Abrupt Impersonation,66,0.1106,0.508,0.3027,0.7601,0.297
Abrupt Impersonation,67,0.1769,0.5098,0.2186,0.7363,0.3105
Abrupt Impersonation,68,0.2649,0.4926,0.1581,0.7035,0.2795
Abrupt Impersonation,69,0.3602,0.5406,0.2174,0.7454,0.1851
Abrupt Impersonation,70,0.4837,0.4413,0.1929,0.7354,0.2328
Abrupt Impersonation,71,0.6237,0.4912,0.2045,0.6707,0.2648
Abrupt Impersonation,72,0.7499,0.5199,0.233,0.7285,0.2688
Abrupt Impersonation,73,0.8479,0.5468,0.2787,0.7435,0.2689
Abrupt Impersonation,74,0.9124,0.576,0.2672,0.776,0.3097
Abrupt Impersonation,75,0.9496,0.5353,0.3014,0.7931,0.2815
Abrupt Impersonation,76,0.9682,0.5256,0.2573,0.8297,0.247
Abrupt Impersonation,77,0.978,0.574,0.2477,0.8359,0.2395
Abrupt Impersonation,78,0.9836,0.6022,0.2046,0.8916,0.2912
Abrupt Impersonation,79,0.9871,0.6119,0.2815,0.9048,0.2266
Abrupt Impersonation,80,0.9897,0.5114,0.2858,0.9146,0.2803
Abrupt Impersonation,81,0.9912,0.5557,0.252,0.9237,0.2488
Abrupt Impersonation,82,0.9921,0.6333,0.2437,0.8527,0.2026
Abrupt Impersonation,83,0.9929,0.6891,0.2434,0.8469,0.2628
Abrupt Impersonation,84,0.9937,0.6875,0.2918,0.8379,0.2568
Abrupt Impersonation,85,0.9941,0.5729,0.212,0.85,0.201
Abrupt Impersonation,86,0.9943,0.6336,0.1735,0.7942,0.1932
Abrupt Impersonation,87,0.9947,0.6162,0.1756,0.873,0.241
Abrupt Impersonation,88,0.9953,0.4507,0.3307,0.8754,0.2926
Abrupt Impersonation,89,0.9959,0.4939,0.3794,0.8221,0.2682
Abrupt Impersonation,90,0.9963,0.4125,0.3646,0.7557,0.2826
Abrupt Impersonation,91,0.9968,0.3557,0.3954,0.7595,0.3078
Abrupt Impersonation,92,0.9972,0.3492,0.4925,0.7708,0.272
Abrupt Impersonation,93,0.9975,0.4643,0.4543,0.7539,0.2836
Abrupt Impersonation,94,0.9977,0.4582,0.4149,0.7737,0.2772
Abrupt Impersonation,95,0.9979,0.4936,0.4645,0.7596,0.2506
Abrupt Impersonation,96,0.998,0.617,0.4688,0.7979,0.2297
Abrupt Impersonation,97,0.9981,0.7123,0.4819,0.7767,0.2356
Abrupt Impersonation,98,0.9982,0.6859,0.4308,0.7876,0.239
Abrupt Impersonation,99,0.9983,0.6547,0.5156,0.8397,0.2168
Abrupt Impersonation,100,0.9984,0.5638,0.5763,0.9511,0.2039
Abrupt Impersonation,101,0.9985,0.5223,0.5677,0.895,0.2577
Abrupt Impersonation,102,0.9986,0.5579,0.5666,0.8702,0.2656
Abrupt Impersonation,103,0.9987,0.5862,0.4228,0.8332,0.3005
Abrupt Impersonation,104,0.9988,0.5923,0.441,0.8703,0.3436
Abrupt Impersonation,105,0.9988,0.6533,0.4126,0.8204,0.3544
Abrupt Impersonation,106,0.9989,0.5935,0.4216,0.8059,0.4344
Abrupt Impersonation,107,0.999,0.5879,0.4423,0.8128,0.372
Abrupt Impersonation,108,0.999,0.633,0.406,0.7786,0.3877
Abrupt Impersonation,109,0.999,0.6619,0.304,0.7505,0.3537
Abrupt Impersonation,110,0.9991,0.7173,0.3258,0.7469,0.4163
Abrupt Impersonation,111,0.9991,0.7218,0.2859,0.6753,0.463
Abrupt Impersonation,112,0.9991,0.681,0.2736,0.6421,0.3487
Abrupt Impersonation,113,0.9991,0.6887,0.2487,0.6574,0.2931
Abrupt Impersonation,114,0.9991,0.6091,0.2414,0.694,0.3146
Abrupt Impersonation,115,0.9991,0.5011,0.1315,0.7111,0.3382
Abrupt Impersonation,116,0.9991,0.5496,0.2239,0.6587,0.356
Abrupt Impersonation,117,0.9992,0.5507,0.2517,0.6693,0.3371
Abrupt Impersonation,118,0.9992,0.5746,0.3205,0.7316,0.3432
Abrupt Impersonation,119,0.9993,0.4681,0.4247,0.7743,0.3568
Sophisticated Drift,0,0.4425,0.804,0.1885,0.9769,0.206
Sophisticated Drift,1,0.4423,0.7081,0.1959,0.9595,0.1886
Sophisticated Drift,2,0.4443,0.7486,0.1589,0.883,0.1846
Sophisticated Drift,3,0.4623,0.7128,0.242,0.8448,0.1943
Sophisticated Drift,4,0.4932,0.7662,0.324,0.7871,0.1932
Sophisticated Drift,5,0.5192,0.7617,0.2348,0.7491,0.1921
Sophisticated Drift,6,0.54,0.73,0.2333,0.8222,0.1674
Sophisticated Drift,7,0.5641,0.7562,0.325,0.839,0.1357
Sophisticated Drift,8,0.5935,0.7244,0.3303,0.7795,0.1377
Sophisticated Drift,9,0.6181,0.6973,0.3111,0.8207,0.1235
Sophisticated Drift,10,0.6345,0.6466,0.2766,0.8812,0.0993
Sophisticated Drift,11,0.6402,0.6685,0.2333,0.8643,0.0801
Sophisticated Drift,12,0.6381,0.7092,0.2104,0.8367,0.0806
Sophisticated Drift,13,0.624,0.7659,0.1766,0.8275,0.0682
Sophisticated Drift,14,0.6076,0.765,0.2025,0.8458,0.0712
Sophisticated Drift,15,0.5822,0.8144,0.1764,0.8764,0.0741
Sophisticated Drift,16,0.5493,0.813,0.1523,0.9253,0.0771
Sophisticated Drift,17,0.5061,0.8072,0.0998,0.9681,0.08
Sophisticated Drift,18,0.4645,0.8302,0.1037,1.0,0.1314
Sophisticated Drift,19,0.4128,0.8703,0.0715,1.0,0.106
Sophisticated Drift,20,0.3599,0.8454,0.0742,1.0,0.1021
Sophisticated Drift,21,0.3186,0.8283,0.1279,0.9525,0.1328
Sophisticated Drift,22,0.2828,0.8173,0.1452,0.9346,0.1355
Sophisticated Drift,23,0.2513,0.8182,0.1657,0.9382,0.1359
Sophisticated Drift,24,0.2321,0.7775,0.1768,0.9118,0.1796
Sophisticated Drift,25,0.2122,0.8242,0.1738,0.9439,0.1741
Sophisticated Drift,26,0.193,0.8037,0.1634,0.9177,0.1526
Sophisticated Drift,27,0.1726,0.8226,0.1469,0.8715,0.1314
Sophisticated Drift,28,0.1558,0.7844,0.1778,0.9321,0.1486
Sophisticated Drift,29,0.1381,0.8019,0.1265,0.9509,0.163
Sophisticated Drift,30,0.123,0.8181,0.185,0.948,0.1404
Sophisticated Drift,31,0.1079,0.7977,0.1797,0.9753,0.1298
Sophisticated Drift,32,0.0921,0.8832,0.1422,1.0,0.1532
Sophisticated Drift,33,0.0787,0.8863,0.1212,0.9985,0.1744
Sophisticated Drift,34,0.0675,0.9483,0.0955,0.8757,0.1672
Sophisticated Drift,35,0.0593,0.9665,0.1089,0.8464,0.1882
Sophisticated Drift,36,0.0531,0.9136,0.0834,0.8307,0.2054
Sophisticated Drift,37,0.0487,0.8804,0.14,0.7951,0.1708
Sophisticated Drift,38,0.0438,0.8867,0.107,0.8147,0.1729
Sophisticated Drift,39,0.0375,0.8763,0.0162,0.8732,0.1904
Sophisticated Drift,40,0.0321,0.8245,0.004,0.8523,0.1849
Sophisticated Drift,41,0.0277,0.7121,0.0,0.8071,0.1506
Sophisticated Drift,42,0.0232,0.6999,0.0,0.902,0.1556
Sophisticated Drift,43,0.0212,0.5845,0.0385,0.8782,0.1846
Sophisticated Drift,44,0.0211,0.623,0.081,0.825,0.2271
Sophisticated Drift,45,0.02,0.5978,0.0335,0.8418,0.1842
Sophisticated Drift,46,0.0199,0.5769,0.0174,0.864,0.2495
Sophisticated Drift,47,0.0208,0.5853,0.1107,0.8351,0.2265
Sophisticated Drift,48,0.0223,0.6184,0.1285,0.8737,0.2514
Sophisticated Drift,49,0.0255,0.5567,0.1304,0.8526,0.2788
Sophisticated Drift,50,0.032,0.4876,0.1764,0.8163,0.2973
Sophisticated Drift,51,0.0438,0.4648,0.2743,0.8319,0.2958
Sophisticated Drift,52,0.0612,0.394,0.3088,0.8701,0.2674
Sophisticated Drift,53,0.0882,0.3905,0.2893,0.8434,0.2814
Sophisticated Drift,54,0.1216,0.5222,0.2819,0.8613,0.2654
Sophisticated Drift,55,0.1609,0.4947,0.2866,0.8587,0.2142
Sophisticated Drift,56,0.2079,0.5613,0.2388,0.9794,0.2839
Sophisticated Drift,57,0.2688,0.5114,0.1794,0.9331,0.2989
Sophisticated Drift,58,0.3435,0.5569,0.1757,0.982,0.3355
Sophisticated Drift,59,0.4198,0.563,0.1304,0.963,0.3095
Sophisticated Drift,60,0.5054,0.5819,0.1292,0.9437,0.3379
Sophisticated Drift,61,0.594,0.6311,0.1349,0.9631,0.3652
Sophisticated Drift,62,0.6868,0.7355,0.2343,0.9868,0.388
Sophisticated Drift,63,0.7623,0.7419,0.1843,1.0,0.3746
Sophisticated Drift,64,0.8188,0.7437,0.1725,1.0,0.3388
Sophisticated Drift,65,0.8616,0.6873,0.1607,0.9668,0.3305
Sophisticated Drift,66,0.8898,0.7215,0.1761,0.9296,0.2811
Sophisticated Drift,67,0.9099,0.7068,0.2148,0.9421,0.2501
Sophisticated Drift,68,0.9233,0.7511,0.1829,0.9558,0.262
Sophisticated Drift,69,0.9321,0.7426,0.1418,1.0,0.2498
Sophisticated Drift,70,0.9365,0.8294,0.0724,0.9997,0.2572
Sophisticated Drift,71,0.9403,0.7071,0.0435,1.0,0.2652
Sophisticated Drift,72,0.9451,0.6919,0.0806,1.0,0.3153
Sophisticated Drift,73,0.9499,0.741,0.0914,1.0,0.3451
Sophisticated Drift,74,0.9539,0.7179,0.0559,0.9546,0.3425
Sophisticated Drift,75,0.9581,0.675,0.0528,0.8922,0.3672
Sophisticated Drift,76,0.9617,0.6662,0.0672,0.8283,0.3467
Sophisticated Drift,77,0.9657,0.6001,0.0994,0.9016,0.3391
Sophisticated Drift,78,0.9692,0.6229,0.0805,0.8612,0.3593
Sophisticated Drift,79,0.9715,0.7645,0.0788,0.9144,0.3316
Sophisticated Drift,80,0.9737,0.5367,0.0114,0.9324,0.3288
Sophisticated Drift,81,0.9754,0.4894,0.0,0.9954,0.3049
Sophisticated Drift,82,0.9775,0.4812,0.074,1.0,0.3153
Sophisticated Drift,83,0.9789,0.5708,0.0,0.9922,0.3565
Sophisticated Drift,84,0.9802,0.522,0.0,0.9654,0.3417
Sophisticated Drift,85,0.9817,0.4894,0.03,0.9547,0.3502
Sophisticated Drift,86,0.9827,0.5696,0.0307,0.9494,0.3342
Sophisticated Drift,87,0.9833,0.6364,0.013,0.9151,0.3158
Sophisticated Drift,88,0.9838,0.6083,0.0295,0.907,0.2987
Sophisticated Drift,89,0.9847,0.5335,0.0459,0.9692,0.3413
Sophisticated Drift,90,0.986,0.4404,0.0565,0.8826,0.3971
Sophisticated Drift,91,0.9871,0.4194,0.0,0.8916,0.4054
Sophisticated Drift,92,0.9882,0.2968,0.0062,0.8502,0.3875
Sophisticated Drift,93,0.9891,0.3966,0.0,0.861,0.4028
Sophisticated Drift,94,0.99,0.387,0.0,0.8978,0.3943
Sophisticated Drift,95,0.9908,0.4549,0.0218,0.8912,0.4115
Sophisticated Drift,96,0.9916,0.6076,0.0665,0.9206,0.4157
Sophisticated Drift,97,0.9922,0.6898,0.1153,0.846,0.4196
Sophisticated Drift,98,0.9929,0.6005,0.0981,0.8962,0.4301
Sophisticated Drift,99,0.9934,0.6629,0.1433,0.8669,0.4146
Sophisticated Drift,100,0.9939,0.7358,0.1923,0.8936,0.4055
Sophisticated Drift,101,0.9944,0.6673,0.2323,0.8977,0.3705
Sophisticated Drift,102,0.9948,0.5949,0.2771,0.7846,0.3681
Sophisticated Drift,103,0.9951,0.5912,0.2504,0.7656,0.3458
Sophisticated Drift,104,0.9955,0.4858,0.2265,0.7905,0.3543
Sophisticated Drift,105,0.9958,0.6067,0.2483,0.8679,0.3448
Sophisticated Drift,106,0.996,0.444,0.1744,0.8803,0.3595
Sophisticated Drift,107,0.9963,0.3946,0.1781,0.8897,0.3798
Sophisticated Drift,108,0.9965,0.4099,0.15,0.8272,0.3581
Sophisticated Drift,109,0.9967,0.4259,0.133,0.8939,0.3528
Sophisticated Drift,110,0.9968,0.4664,0.0606,0.9665,0.3535
Sophisticated Drift,111,0.9969,0.508,0.035,0.9532,0.3763
Sophisticated Drift,112,0.997,0.5102,0.0499,0.9315,0.4227
Sophisticated Drift,113,0.9971,0.6045,0.1009,0.854,0.4446
Sophisticated Drift,114,0.9973,0.4603,0.1484,0.8936,0.4384
Sophisticated Drift,115,0.9975,0.4843,0.1438,1.0,0.4717
Sophisticated Drift,116,0.9977,0.4557,0.1353,1.0,0.4377
Sophisticated Drift,117,0.9978,0.4894,0.101,1.0,0.4728
Sophisticated Drift,118,0.9979,0.5241,0.1238,1.0,0.4576
Sophisticated Drift,119,0.998,0.4761,0.1158,0.9749,0.4004
Presence Absence,0,0.4214,0.7687,0.0604,0.8147,0.1399
Presence Absence,1,0.3917,0.7269,0.0717,0.7857,0.1186
Presence Absence,2,0.3615,0.742,0.017,0.8188,0.1479
Presence Absence,3,0.3309,0.7387,0.0,0.7421,0.134
Presence Absence,4,0.3001,0.7492,0.0367,0.815,0.1451
Presence Absence,5,0.2705,0.6913,0.0325,0.8043,0.132
Presence Absence,6,0.2434,0.6759,0.0614,0.7826,0.1175
Presence Absence,7,0.2245,0.7112,0.1179,0.8116,0.1532
Presence Absence,8,0.205,0.7309,0.1443,0.8653,0.1342
Presence Absence,9,0.1803,0.7888,0.1429,0.882,0.0976
Presence Absence,10,0.1584,0.7909,0.2217,0.926,0.0785
Presence Absence,11,0.1361,0.8882,0.2332,0.9248,0.0705
Presence Absence,12,0.1177,0.8418,0.2043,0.9699,0.1158
Presence Absence,13,0.1014,0.8435,0.2209,1.0,0.1133
Presence Absence,14,0.0901,0.7532,0.2227,0.9854,0.1265
Presence Absence,15,0.0769,0.7044,0.1764,1.0,0.0969
Presence Absence,16,0.0644,0.7717,0.1722,1.0,0.1003
Presence Absence,17,0.0541,0.7332,0.1596,0.9981,0.1099
Presence Absence,18,0.0453,0.7626,0.0806,0.9415,0.1419
Presence Absence,19,0.0374,0.7626,0.0815,0.9201,0.1164
Presence Absence,20,0.0308,0.7212,0.078,0.9469,0.1222
Presence Absence,21,0.0259,0.7154,0.0692,0.8815,0.1207
Presence Absence,22,0.0206,0.7034,0.016,0.9087,0.0916
Presence Absence,23,0.0164,0.6943,0.0196,0.9191,0.0879
Presence Absence,24,0.0129,0.7389,0.0347,0.9249,0.0797
Presence Absence,25,0.0103,0.7726,0.0528,0.8252,0.0293
Presence Absence,26,0.0083,0.7494,0.0214,0.8291,0.048
Presence Absence,27,0.0069,0.7157,0.0616,0.864,0.0627
Presence Absence,28,0.0058,0.7373,0.0258,0.8343,0.0545
Presence Absence,29,0.0048,0.7395,0.033,0.8449,0.0286
Presence Absence,30,0.0044,0.7889,0.097,0.75,0.066
Presence Absence,31,0.0039,0.8995,0.0757,0.7978,0.0722
Presence Absence,32,0.0036,0.9171,0.0645,0.7822,0.0933
Presence Absence,33,0.0034,0.895,0.115,0.8336,0.1195
Presence Absence,34,0.0033,0.8705,0.1027,0.7629,0.1011
Presence Absence,35,0.0032,0.8208,0.0955,0.8096,0.1136
Presence Absence,36,0.0031,0.7765,0.1091,0.8102,0.102
Presence Absence,37,0.0031,0.7347,0.152,0.8547,0.0958
Presence Absence,38,0.0029,0.7249,0.0652,0.8195,0.0902
Presence Absence,39,0.0028,0.7151,0.0435,0.8025,0.0871
Presence Absence,40,0.0033,0.9399,0.0183,0.2086,0.108
Presence Absence,41,0.0044,0.4475,0.0,0.1694,0.1049
Presence Absence,42,0.0052,1.0,0.0,0.1412,0.0964
Presence Absence,43,0.0058,0.9963,0.0,0.1354,0.0867
Presence Absence,44,0.0073,0.6337,0.0075,0.099,0.0913
Presence Absence,45,0.0087,0.6418,0.0,0.1613,0.0693
Presence Absence,46,0.0092,0.9154,0.0175,0.2368,0.0588
Presence Absence,47,0.0101,0.8947,0.0496,0.1986,0.0594
Presence Absence,48,0.0117,0.6929,0.034,0.1231,0.0491
Presence Absence,49,0.0126,1.0,0.0534,0.181,0.0497
Presence Absence,50,0.0156,0.4045,0.1267,0.2276,0.0399
Presence Absence,51,0.0189,0.8918,0.1394,0.2551,0.0866
Presence Absence,52,0.0227,0.8219,0.1139,0.2925,0.1121
Presence Absence,53,0.0278,0.8827,0.1139,0.2391,0.1153
Presence Absence,54,0.0324,1.0,0.0817,0.2231,0.1074
Presence Absence,55,0.0444,0.6751,0.0992,0.1583,0.1479
Presence Absence,56,0.0616,1.0,0.1363,0.1018,0.143
Presence Absence,57,0.081,0.955,0.1045,0.1549,0.1303
Presence Absence,58,0.1115,0.7825,0.1004,0.1303,0.1276
Presence Absence,59,0.1597,0.5962,0.1468,0.2339,0.1254
Presence Absence,60,0.2339,0.581,0.1255,0.2289,0.1468
Presence Absence,61,0.32,0.9232,0.1333,0.1946,0.1349
Presence Absence,62,0.4427,0.5576,0.0942,0.226,0.1694
Presence Absence,63,0.5518,0.8056,0.0687,0.295,0.1359
Presence Absence,64,0.6471,1.0,0.0586,0.2983,0.1406
Presence Absence,65,0.737,1.0,0.1496,0.2292,0.1089
Presence Absence,66,0.8121,1.0,0.1316,0.2375,0.1414
Presence Absence,67,0.8712,0.7623,0.1118,0.2868,0.1237
Presence Absence,68,0.9141,0.6065,0.0937,0.25,0.1144
Presence Absence,69,0.9387,1.0,0.0931,0.2069,0.1272
Presence Absence,70,0.9563,0.9393,0.1228,0.2457,0.1451
Presence Absence,71,0.9668,1.0,0.1309,0.2418,0.1104
Presence Absence,72,0.9749,0.8623,0.2066,0.186,0.0971
Presence Absence,73,0.9795,1.0,0.203,0.1691,0.0636
Presence Absence,74,0.9831,0.9916,0.2454,0.1389,0.0675
Presence Absence,75,0.9857,0.9911,0.2383,0.1576,0.0657
Presence Absence,76,0.9877,1.0,0.2444,0.1655,0.059
Presence Absence,77,0.989,0.9298,0.174,0.2162,0.0462
Presence Absence,78,0.9901,0.9241,0.1627,0.2407,0.0417
Presence Absence,79,0.9908,0.9254,0.1553,0.1657,0.0302
Presence Absence,80,0.9919,0.8507,0.1425,0.885,0.0473
Presence Absence,81,0.9926,0.8994,0.0613,0.922,0.0826
Presence Absence,82,0.9931,0.8304,0.104,0.9349,0.0401
Presence Absence,83,0.9935,0.8298,0.0937,0.9701,0.0421
Presence Absence,84,0.9936,0.8857,0.083,0.9334,0.0375
Presence Absence,85,0.9937,0.8613,0.0806,0.8853,0.0527
Presence Absence,86,0.9937,0.831,0.0796,0.9237,0.0353
Presence Absence,87,0.9937,0.8283,0.1022,0.8723,0.0374
Presence Absence,88,0.9936,0.8018,0.0595,0.7824,0.0204
Presence Absence,89,0.9935,0.8655,0.0357,0.8403,0.0425
Presence Absence,90,0.9934,0.8134,0.0606,0.8157,0.0487
Presence Absence,91,0.9933,0.8462,0.0764,0.8125,0.0485
Presence Absence,92,0.9933,0.7821,0.0705,0.7637,0.0595
Presence Absence,93,0.9932,0.8107,0.0583,0.7253,0.0559
Presence Absence,94,0.9929,0.8016,0.0383,0.6997,0.0253
Presence Absence,95,0.9928,0.6864,0.0499,0.7116,0.0445
Presence Absence,96,0.9929,0.7002,0.1054,0.7524,0.0544
Presence Absence,97,0.9928,0.666,0.0701,0.6747,0.0535
Presence Absence,98,0.993,0.6638,0.1353,0.7372,0.0767
Presence Absence,99,0.9932,0.7479,0.1656,0.7088,0.1014
Presence Absence,100,0.9933,0.7043,0.1436,0.6896,0.0737
Presence Absence,101,0.9935,0.6697,0.1704,0.7467,0.0567
Presence Absence,102,0.9935,0.7487,0.1103,0.7635,0.0913
Presence Absence,103,0.9935,0.7584,0.0494,0.7163,0.118
Presence Absence,104,0.9934,0.8284,0.0139,0.8186,0.0952
Presence Absence,105,0.9932,0.8352,0.0162,0.7915,0.0666
Presence Absence,106,0.993,0.7887,0.0213,0.8152,0.0536
Presence Absence,107,0.9927,0.7845,0.0186,0.8333,0.0456
Presence Absence,108,0.9924,0.8371,0.039,0.8998,0.0159
Presence Absence,109,0.9919,0.8693,0.0,0.8776,0.0247
Presence Absence,110,0.9914,0.8559,0.0156,0.9205,0.0045
Presence Absence,111,0.9908,0.8467,0.0,0.8831,0.0
Presence Absence,112,0.9902,0.8318,0.0,0.93,0.0203
Presence Absence,113,0.9895,0.799,0.0,0.8903,0.0133
Presence Absence,114,0.9887,0.8798,0.0,0.8735,0.0203
Presence Absence,115,0.988,0.8651,0.0,0.9544,0.041
Presence Absence,116,0.9875,0.8034,0.0,0.9566,0.0625
Presence Absence,117,0.9868,0.7792,0.0,0.9497,0.0565
Presence Absence,118,0.9861,0.8108,0.0074,1.0,0.0595
Presence Absence,119,0.9854,0.834,0.0466,1.0,0.0437
Flickering,0,0.4993,0.6586,0.621,0.842,0.0908
Flickering,1,0.5195,0.5557,0.4241,0.9072,0.0251
Flickering,2,0.5287,0.5732,0.3702,0.9653,0.0
Flickering,3,0.5483,0.6554,0.4364,0.8232,0.0215
Flickering,4,0.5587,0.7031,0.3327,0.8044,0.0614
Flickering,5,0.5549,0.8715,0.2467,0.6524,0.062
Flickering,6,0.5355,0.9714,0.3307,0.8517,0.0135
Flickering,7,0.5035,0.8751,0.2104,0.7779,0.0
Flickering,8,0.4785,0.8359,0.2967,0.7117,0.0
Flickering,9,0.4703,0.5879,0.3541,0.7086,0.0
Flickering,10,0.4736,0.7102,0.3256,0.323,0.0018
Flickering,11,0.4461,0.7185,0.2518,0.7724,0.0
Flickering,12,0.4653,0.9676,0.2661,0.616,0.2436
Flickering,13,0.5079,0.9322,0.2547,0.5819,0.2758
Flickering,14,0.5747,0.6944,0.3081,0.5517,0.2257
Flickering,15,0.62,0.895,0.3145,0.732,0.1684
Flickering,16,0.6592,0.6441,0.372,0.6406,0.0
Flickering,17,0.6919,0.5289,0.3066,0.5755,0.0
Flickering,18,0.7231,0.4678,0.3094,0.5393,0.0
Flickering,19,0.7427,0.4635,0.1788,0.7696,0.0684
Flickering,20,0.7675,0.5269,0.2398,0.8471,0.1128
Flickering,21,0.7949,0.5327,0.2466,0.8603,0.1494
Flickering,22,0.8212,0.4689,0.2105,0.7886,0.1607
Flickering,23,0.8699,0.5738,0.4045,0.7117,0.3623
Flickering,24,0.8969,0.5371,0.3342,0.836,0.1666
Flickering,25,0.9118,0.5096,0.1078,0.7526,0.1905
Flickering,26,0.9233,0.3982,0.1261,0.8686,0.1603
Flickering,27,0.9271,0.3684,0.0314,0.9642,0.0856
Flickering,28,0.933,0.4755,0.1368,0.9391,0.1805
Flickering,29,0.9503,0.3513,0.3314,0.9633,0.446
Flickering,30,0.9609,0.2258,0.2749,0.9921,0.2698
Flickering,31,0.9662,0.502,0.2707,1.0,0.1887
Flickering,32,0.9716,0.4915,0.2431,0.949,0.323
Flickering,33,0.9744,0.541,0.264,1.0,0.1733
Flickering,34,0.9769,0.4544,0.3034,0.9462,0.1741
Flickering,35,0.9788,0.611,0.3843,0.8576,0.1606
Flickering,36,0.9797,0.7243,0.2854,0.8511,0.1864
Flickering,37,0.981,0.7385,0.39,0.8205,0.1601
Flickering,38,0.9822,0.5618,0.2943,0.7334,0.2036
Flickering,39,0.9834,0.4788,0.3021,0.6112,0.2083
Flickering,40,0.9847,0.6001,0.3737,0.559,0.1841
Flickering,41,0.986,0.773,0.3967,0.7039,0.1731
Flickering,42,0.9866,0.7857,0.3038,0.8674,0.1464
Flickering,43,0.9871,0.8866,0.2379,0.9027,0.1898
Flickering,44,0.9874,0.7965,0.1996,0.975,0.1696
Flickering,45,0.9876,0.7596,0.1974,0.9019,0.1822
Flickering,46,0.9873,0.7462,0.2839,1.0,0.0
Flickering,47,0.9872,0.7749,0.3131,0.8797,0.0774
Flickering,48,0.9871,0.6142,0.2168,0.7763,0.136
Flickering,49,0.9869,0.7118,0.2608,0.6956,0.0824
Flickering,50,0.9866,0.8309,0.2943,0.713,0.0595
Flickering,51,0.9871,0.6979,0.3161,0.6947,0.1537
Flickering,52,0.9877,0.5652,0.4121,0.6205,0.0659
Flickering,53,0.9888,0.6141,0.4178,0.6719,0.1886
Flickering,54,0.9894,0.5605,0.4498,0.6643,0.0199
Flickering,55,0.99,0.3521,0.4554,0.7594,0.0
Flickering,56,0.9902,0.4765,0.3601,0.7591,0.0
Flickering,57,0.9905,0.5202,0.3596,0.7355,0.0408
Flickering,58,0.991,0.4975,0.4317,0.7493,0.031
Flickering,59,0.9912,0.7238,0.3792,0.7373,0.0692
Flickering,60,0.9913,0.7289,0.3331,0.6879,0.0586
Flickering,61,0.9913,0.6486,0.2432,0.6669,0.0884
Flickering,62,0.9909,0.6614,0.1004,0.7401,0.0581
Flickering,63,0.9906,0.5641,0.0887,0.7942,0.0705
Flickering,64,0.9905,0.5077,0.0562,0.8907,0.1131
Flickering,65,0.9908,0.5687,0.1157,0.7373,0.2247
Flickering,66,0.9905,0.5314,0.0213,0.7097,0.1013
Flickering,67,0.9904,0.5094,0.1551,0.6845,0.0513
Flickering,68,0.9903,0.6917,0.1834,0.7094,0.075
Flickering,69,0.9902,0.77,0.1691,0.6812,0.1044
Flickering,70,0.9898,0.8311,0.1229,0.6525,0.0976
Flickering,71,0.9892,0.8571,0.0779,0.6692,0.0649
Flickering,72,0.9886,0.8749,0.0144,0.749,0.1063
Flickering,73,0.9883,0.9823,0.0036,0.6585,0.2436
Flickering,74,0.988,0.9336,0.035,0.5651,0.2136
Flickering,75,0.9881,1.0,0.0482,0.855,0.2218
Flickering,76,0.9893,0.9198,0.0,0.7954,0.5249
Flickering,77,0.989,0.8581,0.0,0.8558,0.0836
Flickering,78,0.9886,0.6992,0.0,0.7833,0.1001
Flickering,79,0.9881,0.6622,0.0031,0.8688,0.0703
Flickering,80,0.9886,0.414,0.1717,0.8353,0.1552
Flickering,81,0.9897,0.6743,0.4474,0.7605,0.1411
Flickering,82,0.9896,0.7548,0.1984,0.6811,0.1014
Flickering,83,0.9893,0.7426,0.0803,0.6748,0.0972
Flickering,84,0.9888,0.6976,0.0,0.7028,0.1139
Flickering,85,0.9882,0.6235,0.0,0.7252,0.0898
Flickering,86,0.9879,0.5177,0.0028,0.7332,0.0961
Flickering,87,0.9871,0.5463,0.0,0.6933,0.0328
Flickering,88,0.9862,0.4006,0.0169,0.414,0.0385
Flickering,89,0.9857,0.4515,0.0,0.4732,0.0961
Flickering,90,0.9861,0.3792,0.0382,0.3664,0.2079
Flickering,91,0.9875,0.4514,0.1674,0.4447,0.2365
Flickering,92,0.9887,0.3884,0.1233,0.3122,0.2378
Flickering,93,0.9908,0.2994,0.1111,0.6298,0.3922
Flickering,94,0.9919,0.5324,0.0665,0.6186,0.3201
Flickering,95,0.9932,0.4258,0.1525,0.6256,0.3823
Flickering,96,0.994,0.5737,0.0855,0.3875,0.4045
Flickering,97,0.9945,0.676,0.0206,0.6105,0.3601
Flickering,98,0.9949,0.6406,0.0,0.5868,0.3422
Flickering,99,0.9954,0.5353,0.2058,0.5398,0.3228
Flickering,100,0.9959,0.6543,0.2628,0.6667,0.3128
Flickering,101,0.9962,0.8207,0.1922,0.6429,0.2989
Flickering,102,0.9963,0.7095,0.1686,0.7671,0.2354
Flickering,103,0.9963,0.6753,0.2049,0.7463,0.1117
Flickering,104,0.9963,0.7742,0.2242,0.7541,0.0821
Flickering,105,0.996,0.7904,0.1408,0.7415,0.0
Flickering,106,0.9958,0.962,0.1308,0.7808,0.0138
Flickering,107,0.9955,0.8641,0.1255,0.843,0.0345
Flickering,108,0.9952,0.8864,0.0,1.0,0.0
Flickering,109,0.9951,0.7037,0.248,0.7828,0.0278
Flickering,110,0.9948,0.9533,0.1017,0.7178,0.0918
Flickering,111,0.9947,0.8169,0.1461,0.8552,0.1055
Flickering,112,0.9949,0.5855,0.1801,0.8188,0.2001
Flickering,113,0.9953,0.5862,0.1419,0.787,0.2911
Flickering,114,0.9955,0.5856,0.1631,0.7209,0.2064
Flickering,115,0.9958,0.7799,0.2349,0.9639,0.2526
Flickering,116,0.9961,0.7313,0.2424,0.9755,0.2881
Flickering,117,0.9964,0.7054,0.2683,0.9116,0.2659
Flickering,118,0.9967,0.7695,0.3107,1.0,0.2977
Flickering,119,0.9967,0.905,0.1457,1.0,0.2377
